-0.70236+0.68016i,0.27999+1.2004i,0.49778-0.27427i,0.46976+0.049395i,0.24606-0.72306i,-0.15008+0.2873i,-0.41882+0.45033i,0.72677+1.0527i,-1.4658+0.71213i,0.4661-0.92583i,0.58709+0.74183i,0.11589+0.033034i,0.37214+0.053616i,0.36276-0.26137i,0.4162-0.23921i,0.67644+0.3875i,1.247-1.3706i,-0.35494-1.5373i,-1.0653+0.73874i,0.10616+0.3507i,0.46155-0.094184i,-0.77551-0.32073i,0.073804-0.55121i,-0.65313+0.10607i,-0.0041367-0.63885i
0.28916+0.61819i,0.77152-0.37473i,0.74803+0.98238i,-0.51133-0.57268i,0.99528+0.40601i,0.94679+0.22951i,0.45962-0.51867i,0.2933+0.95343i,-0.48733+0.15277i,-0.25788+0.48685i,0.80766-0.71398i,0.035383-0.50845i,1.1621+0.068181i,0.15854+0.63786i,0.51761-0.44339i,-0.50393-0.93747i,0.70115-0.87717i,-0.32613-0.32431i,1.3716+0.48152i,-1.6704+0.2055i,-0.66765+0.92135i,0.38803+0.015149i,-0.69502-0.25999i,-0.0098148+0.66174i,0.14825-0.059858i
-0.86255+1.1553i,-0.2098+0.61619i,-0.8545-0.66056i,0.15109+0.93152i,0.25956+0.85524i,-0.47684+0.27447i,0.81828-0.39445i,0.21217+0.090031i,1.3376-0.73655i,-1.2865+0.28895i,-0.17863+0.40426i,-1.3945-0.16887i,-1.3346+0.093311i,-0.13788+1.264i,0.26954+0.11903i,-0.27934-0.5961i,1.3253+0.31323i,-0.13506-0.036823i,0.93884-0.34958i,1.3068-0.20739i,0.44125+0.15388i,0.86655+0.074404i,0.37253-0.64809i,-0.39348+0.91502i,0.82844-0.75405i
0.25541+0.070191i,-1.0867+1.3122i,1.1713-0.40302i,0.50654+0.59556i,-0.24403+0.0048508i,-1.0098-0.41172i,-0.068531+0.56142i,0.42648+0.08764i,0.88716-2.2388i,-0.2317+0.17694i,-1.3279-0.39722i,1.116+0.32225i,0.71217-0.74636i,0.46226+1.1771i,0.1299-0.83964i,-1.0502+0.85784i,-0.24717-0.87052i,0.78296-1.016i,0.52201+1.656i,-0.016788+1.4143i,0.1655+0.052985i,-0.2355-0.39585i,-0.62747-0.61836i,-0.98031+1.2216i,-1.396+0.46022i
0.23196-0.47165i,-0.62447-1.4422i,-0.20528-0.22004i,-0.71971+0.39544i,-0.77643+0.77634i,-0.83636+0.2953i,-0.88575-0.14602i,0.60435-0.67704i,0.81342+0.050363i,1.3669-0.44188i,0.8484-0.39169i,0.49234-0.21035i,-1.5416+0.61651i,0.016084-0.90322i,0.038777-0.57897i,-0.086529+0.33862i,-0.10451+0.36382i,1.6438+0.81999i,1.0751+1.7761i,0.72873+0.78016i,-0.38289+0.10992i,1.4244+0.64736i,-0.073736-1.1787i,0.42488-0.63101i,0.060274+0.52679i
0.15965-0.11283i,0.75002-0.36564i,0.54047+0.095523i,0.33102+0.53269i,-0.45771-0.62745i,-0.32877+0.10683i,-0.52718-1.0621i,0.15453+0.36525i,0.33247+0.16875i,-0.59769+0.38596i,0.68314+0.43457i,-0.38278-0.43279i,0.29623-0.16773i,0.099959-0.45231i,1.4916+1.1211i,0.034178-0.056905i,0.98322+0.16945i,0.44203+1.1392i,0.8133-0.13017i,-0.76624+0.62905i,1.3324-0.072879i,-0.68157+0.31947i,0.99786-0.54976i,-1.0525+0.24994i,-0.77369+0.38472i
0.13687-0.94818i,0.25621-0.4168i,0.08178-0.46547i,0.77652+0.10587i,0.50886-0.62081i,1.3925+0.18089i,1.6396+0.5473i,0.94007-0.25061i,0.17971-0.19643i,-0.13667+0.37895i,-0.18282+1.0841i,0.09492+0.56829i,0.15148-0.42891i,0.7811-0.7993i,-0.26086+0.58527i,-0.10857-0.21879i,0.33317+0.64583i,-1.5011-0.25305i,-0.70467-0.44113i,-0.56878-0.49789i,-0.35698+0.32848i,-1.2633-0.063521i,0.44906-0.43288i,-0.026228-0.80813i,0.17625+0.42771i
0.225-0.32435i,-0.13803+0.89303i,1.1158+0.095663i,-0.31865-0.28126i,0.89347-0.7675i,0.7767+0.56873i,0.04184-0.22094i,0.57825+0.93981i,0.32552-0.95697i,0.89735-0.6796i,-0.25978+0.099502i,-0.25417+0.88211i,-0.093224-0.6115i,0.1981+0.71937i,-0.74368-0.83645i,-0.18754+0.1118i,1.4945+0.7953i,0.11515+0.33025i,0.6207+0.55289i,-0.64632+0.78753i,0.64582-0.94649i,-0.079423-0.71673i,0.43411-0.14776i,0.75924-0.014175i,0.54555-0.64575i
0.47217+0.09924i,-0.43825+0.49141i,0.075174-0.67383i,-1.3673-0.39741i,0.66325+0.68849i,0.082955+0.23808i,-0.03738+0.19085i,-1.0452+0.063068i,-0.60341-1.6734i,-0.20448+0.73937i,0.25097+0.77803i,-0.30972+0.47807i,0.9031+0.73575i,-1.4443-0.20861i,-1.074-0.52961i,0.56459+1.1298i,0.11403-0.04211i,0.33227+0.7322i,0.19131-0.49298i,-0.083885+0.89767i,0.31254+1.0556i,0.19247+0.19507i,-0.18612+1.7778i,-0.11647-0.20836i,0.57216+0.65837i
-0.45471-0.0054631i,1.6313-0.43712i,-0.25754-0.56929i,0.42161-0.19039i,0.16519+0.38719i,0.097843+0.56875i,0.82181+0.49226i,0.79324+0.31212i,0.56044+0.49741i,-0.019243-0.20447i,1.3266+1.7545i,0.50533+0.24638i,-0.0085908+0.37864i,0.27768+0.50435i,-0.3464+0.88622i,-0.69043+1.3478i,0.43304-0.34088i,0.075713-0.11915i,-1.0304+0.56828i,0.0092299-1.0388i,0.14934+0.10707i,-0.64177+0.047489i,0.017723+2.5312i,-0.60774+0.15982i,-0.82728+0.10038i
-0.21563-1.3484i,0.51443-0.18981i,1.0793-0.46745i,0.34405+0.22276i,-0.022501+0.10155i,-0.84518+0.10268i,-0.1084+0.45099i,-0.39171-0.61325i,-0.37106-0.56621i,-0.47418-0.9869i,0.67605+0.15573i,-0.84854+0.83672i,0.76833-1.1639i,0.12201+0.2489i,0.44842-0.16145i,-0.58844-1.367i,-0.57899-0.17596i,0.60294+0.42604i,-0.94789-0.56544i,-0.23266+0.0028508i,-1.0373+0.17098i,-0.91024-0.33645i,-0.030991-1.1254i,-0.41274+0.034509i,1.7993+0.67203i
0.21599+0.43142i,-0.33984+0.78898i,-0.65422-1.3468i,-1.3273-0.93108i,0.3989-0.42797i,0.13294-0.87525i,-0.69561+1.28i,0.16235-1.5381i,0.40355+0.53882i,0.25584+0.82365i,0.13443+0.39806i,-0.094266+0.24564i,0.90469-0.60252i,-0.071238-1.307i,-1.3021-0.20084i,-0.91435+1.4001i,-0.48798-0.98588i,1.2985+1.0713i,-0.47692+0.66859i,0.59764-1.374i,-0.13548-0.96381i,-0.86344-0.42116i,-0.26464-0.92178i,0.33147+0.80957i,-0.42565+0.3229i
-0.44029-1.5133i,-0.3755+0.66511i,-0.49686+0.4094i,-0.061688-0.34201i,-0.55326-0.78312i,0.98096+0.91955i,-0.7933+0.13863i,0.8428+0.42303i,0.20004-0.034273i,-0.27242+0.047535i,0.95484-1.0271i,0.39678+0.056999i,0.22307-0.076129i,-0.04402-0.37774i,1.1737+0.68759i,0.064152-1.7344i,-0.45422-0.054092i,0.43711-0.40103i,-0.52185+0.69074i,-0.25836-1.0048i,0.1737-1.1898i,-1.4374-0.6349i,-0.89663-0.58427i,-0.23483+0.52305i,-0.83877-0.71787i
-1.0347+0.55201i,-1.609+0.43151i,0.65088-0.67338i,0.44445+0.15432i,0.014939+1.5056i,-0.21932-0.75226i,0.53659-0.88017i,-0.63109+1.048i,1.5456-0.18737i,-1.1745-0.46242i,-0.14168-0.10325i,-1.0936+1.1673i,-0.14441-0.33856i,-1.3266+0.4694i,-0.81531+0.14813i,-1.0709-0.31257i,0.10702+0.30391i,-0.24961-0.44544i,-0.76297-1.4291i,0.98391+0.14523i,-0.12165-0.11523i,-0.0039739-0.91163i,0.073875-0.41926i,0.95422+0.364i,-0.44554-0.011564i
-1.3457+0.37939i,0.72236-0.33238i,0.17892+0.28767i,-0.17007-1.1055i,-1.5371+0.71207i,-0.97043+0.034635i,-0.85909+1.4699i,0.27706+1.2326i,1.0399+0.79302i,1.5244-0.74108i,0.89192+0.48618i,-0.13837-0.070106i,0.95665+0.21315i,-0.13242-1.338i,-0.83133+2.1307i,0.50388-1.0895i,-0.14342+0.59425i,0.71531+0.41414i,0.19046+0.41941i,-0.89383-0.63358i,0.25259-0.34203i,-0.089844-0.96245i,0.12161-0.37114i,-0.79583+0.69502i,-0.66442+0.082178i
0.71005+0.44745i,0.47172-1.0044i,0.75649-0.52633i,0.35491+0.4077i,-0.67579-0.28824i,-0.37957+1.3512i,0.54661+1.3213i,0.41114+0.77021i,0.81164+0.27423i,0.41097+0.07492i,-0.53848+1.3164i,0.3294-0.32925i,0.17135-0.067979i,-1.2377-0.65855i,-0.62157-0.39456i,-0.169+0.9783i,1.138-0.72539i,0.85956+0.77766i,-0.1362+0.2008i,-1.1609-0.23048i,0.76455-0.1888i,-0.39419-0.46058i,-1.981-0.43674i,-0.25994-0.036489i,-0.80824+0.93892i
-0.6339-0.75629i,0.15436-0.40526i,-0.010563-1.1833i,0.49276+0.12808i,0.17552+2.1674i,0.88803-0.43578i,-0.033236-0.67868i,1.399+1.6133i,-0.029229-0.31592i,-0.21123-0.088844i,0.4968+0.31304i,-0.17686+0.26618i,-0.65403-0.62502i,0.54857-0.039646i,-1.0682+1.26i,-0.70503+0.43282i,0.78187-0.59418i,1.2637+0.13129i,0.39366+0.1769i,-0.53069-0.24151i,-0.81092-1.4866i,0.37853-0.82568i,-0.50251-0.79269i,-0.91233-1.229i,0.35591+0.83034i
-0.70746+0.43586i,-0.63691+0.12416i,-0.45486+0.46134i,0.75079-0.30245i,-0.69907+0.4504i,0.11464-0.005015i,-0.001285-1.2532i,0.65951+0.57072i,-0.54218-0.28308i,0.79266+0.12603i,0.85783-0.67336i,-0.25141-0.98299i,-0.2439+1.2581i,-1.2408-0.10749i,0.58339-0.072524i,0.26469-0.19919i,0.36282-0.94731i,0.0047407+0.45323i,-0.33537+0.93656i,-0.063496+0.062166i,-0.29461-0.010543i,0.79958+1.4598i,0.15448+0.10929i,-0.10967-1.0216i,-0.061962-0.046838i
-0.11242+0.85531i,0.053395+0.23129i,0.011189-0.23404i,-2.1433-2.1108i,1.0356-0.11759i,-0.48812-0.24148i,0.41579+0.55828i,-0.31902-0.27187i,-0.62369-0.67006i,-0.86975+0.42074i,-0.047387-0.49731i,-1.7287+0.5446i,-0.93807-0.49854i,0.88121+0.56531i,0.32343+0.36922i,0.24894+0.092121i,0.59542+1.0275i,-1.2161-0.30287i,0.14635+0.4227i,-0.87292-0.18279i,-0.10262+0.38492i,0.82015-0.27253i,-1.1978+1.1426i,-0.31952+1.2947i,1.5853-0.47105i
1.0314+1.1841i,0.6161-1.1935i,0.37073+0.66019i,-0.56478-0.86856i,-0.68196+0.47674i,-0.38968+0.6009i,0.055709+0.62977i,0.32766+0.21118i,0.13948-0.60126i,0.2167+0.75385i,0.75687+0.11633i,-0.4002-1.2984i,0.68362+0.48063i,0.26592-0.99989i,0.14693-0.41718i,-0.84866+0.84843i,-0.74286-0.078091i,0.23458+0.36941i,0.85369+0.5702i,0.11372-0.67478i,0.70411-1.5113i,-0.18638+0.0017361i,0.78041-0.96483i,-0.091621-0.90691i,-0.43301+0.567i
1.0748+0.79049i,1.2619+0.60898i,-0.8196+0.43627i,0.74816-0.36732i,2.2707+0.34282i,0.96774-0.27814i,0.21708+0.083981i,0.12196+0.20757i,-0.0095185-0.70272i,0.44637-0.63024i,-0.22839+0.27575i,-0.33424+0.60717i,0.91536-0.54682i,1.6352-0.41715i,0.098592-0.33703i,-1.0415-0.64906i,0.80883-0.61713i,-1.9755+0.70748i,-0.36165+0.0067448i,-0.24023+1.2669i,-0.51461+0.47312i,0.44345+0.5085i,0.58706+0.41498i,0.55217-0.57142i,-0.25047-0.30168i
0.43557-0.89137i,-0.60106+0.62437i,0.2128+0.59441i,0.29637+0.32526i,1.3395-0.45101i,-2.1856-0.29822i,-1.1322+1.6174i,-0.12224+0.35159i,0.49833+0.040437i,0.058489+0.40504i,-0.38688-0.75543i,0.08444-0.19542i,-0.60969-0.041213i,1.1074+0.62981i,0.71468-0.067702i,-1.2094+0.18872i,-1.3089+0.21656i,0.27876-0.1164i,0.56486+0.087137i,0.39012-0.74322i,0.25521-1.3648i,0.64839-0.2407i,-0.27874+1.3299i,-0.016203+0.84816i,-0.31751+0.82706i
-0.187-0.62409i,0.89565-0.40213i,0.92314-1.5625i,0.1669-0.2291i,0.22933-0.37949i,-0.021735-0.90337i,-0.53634+0.32007i,0.052313+1.305i,0.089803-0.79793i,-0.53292-0.23227i,-0.090218-1.0689i,0.50608+0.67812i,-1.1149-0.27458i,0.53091+0.52569i,-0.78848-0.64518i,-1.0456-0.13288i,-0.92843+0.41542i,0.61856-1.0669i,-0.0048191+0.12266i,1.3942-1.2602i,-0.35121+1.0747i,0.48409+0.25736i,0.25589-1.2453i,0.33823-0.70593i,0.31443-0.098736i
-0.064882+0.61903i,-0.84054-0.029232i,0.52183+0.44799i,0.5587+0.56963i,0.78826+0.092114i,0.89832-0.32321i,-0.81879-0.37622i,0.12955-1.5005i,0.28607+0.38911i,0.31765-0.68656i,0.54604-0.90805i,0.77894+0.18935i,0.90195-0.83889i,0.05277-0.18807i,-0.42754-0.47631i,0.51133+0.58389i,-0.54302+0.094473i,0.22557-0.1142i,0.040045+0.051965i,1.002-0.047071i,-0.68184+0.55452i,0.28549-0.7516i,-0.35282+0.34555i,0.45058-0.15286i,-0.62619-0.4296i
1.1662-0.0031717i,0.1501-0.57285i,-0.011399-0.0032235i,-0.6965-1.3435i,-0.54965+1.7705i,-0.29287+1.5219i,0.17336+0.8703i,0.82753-1.9271i,-0.59581-0.13384i,0.11744-0.2124i,0.42772+0.25748i,-0.16768+0.061955i,0.12432-0.44165i,-0.54012+1.0189i,0.60451+0.24544i,-0.19603+0.45831i,0.043611+0.072502i,-0.17356-0.22995i,-0.93854+0.11092i,0.85914-0.22947i,-0.31822+0.36197i,0.74981+0.34636i,-0.57887+0.78046i,-0.98424-1.829i,-0.43173-0.68251i
1.1714-0.42201i,0.22538-0.25717i,-0.12327+0.37674i,0.16511-0.16208i,-0.70131-0.086045i,1.0418+0.80841i,0.75268-0.53521i,0.67611+0.80497i,1.1917-0.49596i,-0.33788+0.64659i,0.448-0.065448i,0.39548+0.48353i,-0.24757+0.18689i,-0.37529+0.95249i,0.029576+1.5577i,0.81164-1.3007i,-0.69299+1.2404i,0.41904-0.46423i,-0.30784-0.78514i,0.45537-0.38806i,-0.40381-1.1147i,-1.0375-0.42617i,0.8122-0.53168i,0.29434-1.0725i,0.32149-1.1255i
0.45506-0.96458i,-0.49792-0.073631i,-1.7368+0.29043i,1.3546-0.75805i,0.36867-0.20558i,0.24609+0.21542i,-0.67126+0.71041i,1.0803-1.0117i,0.74542-0.61126i,-1.6851+0.80089i,0.16274+0.10711i,1.4238+0.79034i,0.01043+0.04744i,-0.63286-1.0482i,1.4204+0.40449i,0.15087-0.78772i,-0.53969+0.37811i,-0.70696-0.32414i,-1.6015+0.9479i,0.88112+0.92903i,0.97446-1.2971i,0.29189-1.278i,-0.67598+0.71685i,-0.42682-0.14398i,-0.79406-0.91123i
-0.099254-0.42067i,-1.2634-0.29036i,-0.7275+0.66107i,-1.121-0.76886i,-0.058265-0.1233i,0.58022-0.014799i,0.53578+1.0229i,-0.24038+0.21748i,-0.54383-0.03046i,0.50619+0.14112i,-0.49769-0.17415i,-0.13835-0.53799i,-1.3189-0.45059i,-0.46439-0.52655i,-0.52822-0.40094i,-0.19069-0.43255i,-0.45456-0.33248i,0.027646+0.41363i,-0.51499-0.7435i,0.55966-0.48565i,0.10204+0.13841i,0.45527+1.0082i,-0.19614-0.15758i,-0.024137+0.16244i,0.82708-0.054894i
-0.16764-0.034354i,-0.072121-0.18277i,-0.0071054-1.3339i,-0.91713-0.34329i,-0.26721-0.24053i,0.36343+0.59546i,0.61985+0.48139i,0.41099+1.0842i,1.9656-0.70394i,0.4979-0.57042i,-1.4956-0.61769i,-0.28229+0.055855i,-0.24313+0.36054i,0.09818+0.46562i,0.82025+1.1959i,0.23573-0.46334i,0.54603-0.16813i,0.39147+2.5301i,-0.025506+0.98022i,0.018911-1.1352i,-1.0973+0.84034i,1.0033-0.66693i,-0.19518-1.4116i,-0.4423+0.24726i,-0.43682+0.90015i
0.32364+1.3976i,-0.31477+0.53565i,-0.33326+0.10489i,0.48075+0.14138i,0.082666+0.17609i,0.82081+0.82276i,-0.53614+0.31002i,0.26679-1.5456i,-0.27969-0.88694i,-0.44071-0.24432i,0.62359-0.20163i,0.28882+1.2074i,0.65454+0.70022i,0.19263+0.11208i,0.33806-1.0866i,-0.24032+0.35076i,0.17715+0.98208i,0.28094-0.25394i,0.0179-0.37954i,-0.90236-1.043i,0.13816-2.3298i,-0.042845-0.066752i,0.01965+0.81969i,-0.20775-0.76034i,0.24418+0.40336i
-0.30816+0.029897i,0.22643-0.93432i,0.2461-0.072086i,0.48127+0.90182i,0.7836+0.039503i,0.17421+1.9704i,-0.031968-0.017712i,0.25382-0.056746i,-0.37163-0.72944i,0.13011-1.0568i,0.21329+0.0033039i,0.55312+0.17398i,0.3885-0.77538i,-0.26153-0.33002i,-1.8722+0.38211i,-0.58998+1.3679i,-0.10035+0.22289i,0.72309+0.7943i,0.11769-0.30952i,-0.2811-0.83499i,0.74898-0.29063i,1.0889-0.6814i,0.67907-0.68804i,-0.76414+1.0265i,-0.22758-0.85276i
0.5588-0.5625i,-0.65683+0.38965i,-1.8568-0.58221i,0.95718-0.088542i,0.66353+0.59705i,1.1925+1.2872i,-0.74826-0.75454i,-0.48739-0.049516i,-0.073778-0.52964i,0.24586+0.18578i,0.73585-0.38747i,0.37147+0.8939i,-0.60606+0.26955i,-0.74807-0.42669i,0.051567+0.40999i,-0.87633+0.2763i,0.38472+0.63621i,0.10431+0.23821i,-0.52471+0.044301i,0.62099+0.52136i,-0.51911+0.40693i,0.86786+0.18129i,0.21198-0.05957i,0.41506-0.13232i,-0.715-0.39653i
1.5039-0.17122i,-0.26299+0.96361i,-0.55853+1.3263i,0.23856-0.070412i,-0.3208-0.62384i,-0.7095-0.40081i,0.059856+0.091742i,0.36094-0.30133i,-0.6763+0.024304i,0.36318-0.60394i,0.12441+0.45185i,0.85989-0.14424i,0.66477+0.81684i,0.16963-0.1666i,-0.10139+0.050068i,0.90694-0.22685i,0.36194-0.078898i,-1.1665-0.97098i,-1.2907-0.28733i,-0.4035-0.51732i,-0.3217-0.20911i,0.18535-0.28674i,-0.11391-0.40471i,0.66916-0.36546i,-1.2007+1.0624i
-0.54531+0.085838i,0.72919+1.2026i,1.3084-1.4395i,-0.70866+1.2901i,0.14008+0.32347i,0.55408-0.38905i,0.069539-0.26121i,-0.57929+0.87609i,-1.2413-0.0014924i,-1.1976+0.7205i,-1.0672+0.099228i,0.76251-0.13653i,0.51638+0.40455i,0.62409+0.014793i,0.90476+0.28559i,1.1984+0.366i,-0.014663+0.86141i,-0.2797+1.6887i,-0.38135-0.60562i,-0.65865-0.081934i,0.69324-1.4639i,0.031856-0.42866i,-0.50476-0.47791i,-0.22698-0.41293i,0.11213-1.1978i
-0.38685+1.1211i,-0.76821+0.86959i,-0.028678+0.82387i,0.85363+1.7512i,1.258-0.51281i,1.5598+0.60414i,-0.019452-0.91944i,0.22004+0.94626i,0.71535-1.5062i,0.067564-0.62671i,0.60464+0.21884i,0.14527+0.72463i,0.686+0.39003i,-0.14819+0.076689i,-0.49603+0.04216i,1.0283-0.97929i,0.46422-0.21985i,0.29144-0.12315i,0.98972-0.21082i,0.31192-1.0011i,-0.97272+0.469i,0.016514-1.3296i,-0.61038+0.87223i,1.3648-0.82166i,1.2797+0.51123i
-0.19231-1.0791i,1.2713+0.2078i,-0.8234-0.043548i,0.084974+0.25121i,-0.72444+0.14306i,-0.0010779+0.44409i,-0.37073+0.99793i,0.20434-1.6901i,-0.1144+0.48558i,-1.1877-0.63586i,0.21073+0.92025i,0.3166-1.0104i,-0.87141-1.0783i,0.080093-1.5099i,-1.7133-0.43448i,-0.15698-0.046147i,-0.68787-0.65585i,-1.216+0.55973i,-0.51274+0.6279i,-0.74632+0.0867i,0.011518+0.45022i,0.39104+0.044618i,0.12954-0.18533i,0.30327-0.35195i,0.33815+0.98411i
-0.48681+0.08014i,0.35037+0.2971i,-0.0045929+0.36803i,1.2696-0.072291i,1.0381-0.611i,-0.7631-0.80641i,-1.066+0.22793i,-0.17022-0.22461i,-0.30642+0.65i,-0.37177-0.2354i,-0.25038-1.5616i,0.65727+0.086959i,-1.0934-0.1205i,0.39271+0.68096i,0.5429-0.2548i,-0.39133+0.53393i,0.80461-0.7529i,-0.58187-0.52987i,-0.38826+1.6858i,1.8272+0.57281i,0.52302+0.51205i,-1.4244-0.39459i,0.33779+0.27546i,-0.93474-0.84255i,0.10159+0.59019i
0.82834+0.074952i,-0.25792-1.3661i,-0.6407+0.19839i,-0.31427-0.98427i,1.0159+0.12719i,0.33358+0.36781i,-0.14146+0.71556i,-0.12644-0.43454i,0.54302-0.56846i,-0.1782+0.7726i,-0.9957+0.013487i,0.19001-0.80704i,-0.49977+0.56375i,-0.057862-0.01002i,-0.33892+0.49949i,-0.0049891-0.099184i,0.62176-1.2337i,1.0416-0.11422i,0.18513-0.50054i,-0.7772-0.60355i,-0.7626-0.29838i,0.29024-0.67412i,0.3878-0.27236i,-0.67045-0.45538i,1.8581-0.44906i
0.73355-1.0588i,-0.10888-0.010094i,1.4727+1.2387i,-0.76262-0.27421i,0.55618-0.0010822i,-0.13994-0.25381i,0.42846-0.43641i,-1.9983+1.4636i,-0.056194+0.89575i,-0.36841+0.54563i,0.38844+0.56797i,-0.25639+0.42293i,0.063903-0.28088i,-0.29421-0.16882i,0.15052+0.87496i,0.97783+0.068717i,-0.13011-0.98896i,1.0222-0.092935i,-1.2003-0.59369i,0.087174-0.21578i,0.43743-0.86962i,0.96766-0.34438i,-1.0018-0.86886i,0.049111-0.083597i,0.83914-0.3583i
-0.061277-1.3142i,0.39943+0.64321i,1.3113+1.0695i,-0.88243+1.0564i,-0.59366+0.042285i,0.13273-0.41949i,0.22349-1.193i,-0.45853-0.058652i,-0.5601-0.4451i,-1.9694+0.82187i,-0.24112+0.54782i,0.91361+0.29296i,-0.21068-1.1282i,-0.65999+0.026005i,0.76905-0.38533i,0.71102+0.25622i,0.79698+0.1347i,1.3127-0.19356i,-0.38593+0.63404i,-0.42431+0.455i,-1.0305+0.80541i,-1.005+0.86922i,-0.28952+0.21047i,-0.05707-0.97141i,-0.10729+0.89087i
0.71174-0.20215i,1.2031-0.26417i,0.10523-0.79249i,-0.17715-0.62755i,0.63557+0.60121i,-0.32567-1.1564i,-0.89663+0.45557i,0.93639-0.52376i,-0.065394-0.34712i,0.047393-0.67815i,-0.33281+0.053813i,0.26131-0.85897i,1.0259-0.59582i,0.83597-1.1009i,-0.092211+0.30289i,1.0147-1.0728i,0.14663-1.4975i,0.084992+1.1192i,0.94435+1.0455i,-0.7647-0.52157i,0.2615+0.98446i,0.69956-0.43492i,0.19245+0.097471i,-0.79203-0.17359i,0.027877-0.86481i
-0.30276+0.85049i,-0.40328+0.40986i,0.39292+0.073933i,0.95366-0.32172i,0.38112-0.33831i,-0.86904-0.95206i,-0.42366-0.07898i,0.60204-1.3578i,0.20029+0.72273i,-0.66708+1.0554i,0.36664-1.3046i,-0.38187+0.88745i,0.59521-0.52409i,-0.71511-0.76735i,0.59878+0.40587i,0.6698+1.5974i,-0.86352+0.52475i,1.5501-0.21382i,0.66579-0.78117i,-0.3548+0.1539i,0.68167-0.40435i,-0.3271-0.13585i,0.24818-0.55098i,0.72782-2.7921i,1.3535-0.051928i
0.61267-0.20301i,-0.31471-0.082604i,-0.01229-1.2331i,-0.39653-0.35238i,0.23051-0.9004i,-0.50585-0.2642i,0.36312-0.17421i,1.1515-0.022134i,-0.1536+0.88257i,0.083143+0.12895i,-0.7001-0.56529i,0.47615+0.021617i,-0.21358+0.9502i,1.0201+0.49915i,-1.1749+0.78866i,0.77766+1.1289i,-0.49195+0.74803i,-0.78612-0.70083i,0.067753+0.05634i,0.70556+0.93896i,-0.83743-0.073014i,0.92944-0.90808i,0.11326-0.2215i,-0.2735+0.15436i,-0.35643-0.36896i
-0.16436-0.29381i,-0.88929+1.0028i,-0.36997+0.15371i,0.58097+0.09123i,1.0909-0.18883i,-0.14425+1.2166i,-0.35971-0.12272i,0.26989-0.7887i,-0.73761-0.35198i,-1.1185-0.07404i,-0.16048+1.8342i,-0.66344+0.07856i,0.12399-1.5477i,-0.58405-0.15664i,0.30387-1.0912i,-0.82856-1.0615i,-0.54475+0.71694i,-0.59724+0.98696i,-0.29283-0.9594i,-0.79425-0.49507i,-0.2403+1.4843i,0.26189+1.1972i,0.5653-0.8714i,-0.0045575-0.0072041i,0.064962+0.034921i
-0.23791+0.91808i,0.26761+0.72053i,0.27097-0.44749i,-0.811-0.13019i,-0.23076-0.96288i,-0.47806+0.46334i,-0.62551+0.36849i,0.3653+0.44222i,-1.0275+0.21409i,-1.0742-0.26057i,-0.70532-0.04727i,0.21162-0.22618i,0.19209+0.072223i,-0.1115+0.90809i,0.28623-0.33383i,0.30769+0.33657i,-0.74933-0.45918i,-1.2105-0.41125i,-0.42374-0.87547i,-0.17617+2.2181i,0.58441+0.072446i,-0.80199-0.62693i,1.0627+0.32976i,-0.85118-0.59962i,-0.91926+0.6737i
-1.3537+1.5869i,-0.89585-0.43874i,-0.072227+0.074659i,-0.66653+0.68606i,-0.40602-0.1916i,0.41874-0.06296i,-1.2085+1.4357i,0.36215+1.1294i,0.31088+0.14074i,0.13859-0.68064i,-0.9179-0.76173i,-0.67858-0.86354i,-0.3508+0.95946i,0.31575+0.26552i,-0.55922-0.68509i,-0.076964-0.22432i,-0.78796+0.35917i,-0.00060123+0.55418i,-0.40579+0.37394i,-1.4557-0.74852i,-0.8235-0.20399i,-0.31547+0.77474i,0.16458+2.0281i,-0.18389+0.30021i,0.34663-0.23505i
0.49962+1.1697i,0.041107+0.26395i,0.64848+0.019775i,0.2216-0.15162i,0.70146-0.16841i,0.44753+0.013591i,0.67488+1.7915i,-0.16913+0.43535i,-0.10859-0.45318i,-1.8328-1.6939i,0.33945+0.10884i,0.47991-0.00035001i,0.62013+0.44848i,0.52272-0.78218i,-1.3962-1.1069i,-0.017+0.10805i,0.22668-0.87264i,-1.2805-0.12763i,-0.64756-0.25478i,1.1623-0.20706i,-0.1621+0.45016i,1.2378+1.6231i,0.45194+0.3285i,0.74588+0.64298i,0.26967+0.33529i
0.0080188-0.035183i,-0.85586-0.16769i,0.242+0.27576i,0.43695+0.90127i,0.93044+1.1022i,-0.55501-1.3884i,0.18116-0.046449i,-1.0162+0.76858i,-0.077395-0.21949i,0.12977+0.9359i,-0.56694+0.73102i,0.2122+0.037762i,0.19772-1.3013i,0.50073+0.19222i,-0.0097885+0.077913i,1.593+0.86814i,-0.56305-0.243i,-0.058064-0.15173i,0.69036-0.30308i,-0.30222-0.6279i,0.20571+0.06374i,-0.48813+0.85187i,-0.75338-0.29961i,-0.28512+0.043885i,1.0064+0.81507i
-0.63638-0.29021i,0.24821+0.82749i,-1.051-0.23531i,0.32295+0.46118i,-0.23476-0.13075i,1.9644+0.64368i,-0.47123-0.89331i,-0.46502+0.57088i,0.55156-0.0015927i,0.037157-0.048733i,0.016818+0.096762i,1.1115-0.74783i,-0.62676-0.29954i,-0.97767-0.5801i,0.67477+0.60379i,0.74308+1.0437i,-0.25512-1.1808i,0.39025-0.72749i,0.33808+0.36958i,1.0066+2.1771i,0.16883-0.84125i,-0.25901+0.087285i,0.50699+0.7493i,0.41292+0.057268i,-0.12766+0.38314i
-0.43176+0.073796i,-0.79128+0.50269i,0.10871-0.4602i,-0.10878+0.11302i,-0.14793-1.0423i,-0.85474-0.87711i,0.26521-0.54391i,-0.36189+0.59412i,1.8696-0.30246i,-0.48463-0.67147i,0.025541+0.039508i,0.018021+1.2401i,1.1885-0.23214i,0.079646+0.81563i,-0.063264-0.48977i,0.12241-1.1849i,-0.33925+0.81985i,0.42029-0.47416i,0.39283-0.21453i,-0.96429-0.57759i,-1.2119-1.1535i,0.55754-0.6058i,1.3585+0.25578i,-0.3662+0.22906i,0.16484-0.024117i
-0.49438+0.12043i,0.82183+0.1854i,-0.3921-0.88571i,-0.066766+0.37069i,0.52699+1.1494i,0.90158+0.1327i,0.64526-0.25767i,-0.30738+0.019089i,1.0416-0.9212i,-0.11693+0.28482i,-0.20222+0.53418i,0.93996-0.33917i,-0.84955-1.0152i,-0.10901+0.27947i,1.2391+0.25031i,-0.40184-0.27327i,0.55997+0.56245i,0.30116-0.3897i,1.5112-0.48725i,-0.99593+0.66115i,-0.61523+1.2889i,0.52504-0.4062i,0.29405+0.80627i,0.37351+0.10351i,1.0601-0.85104i
0.24961+0.19585i,-0.17879+0.89512i,-1.2075+1.2172i,0.81877+1.6346i,-0.65802+0.58184i,-0.45714+0.64335i,1.0898-0.73419i,-0.17293+0.069211i,-0.077067-0.71686i,-0.78762-0.38391i,-1.0117-0.44504i,0.021368+0.32099i,-0.81459+0.61254i,-0.73596+0.36427i,0.17171-0.090011i,-0.85734+0.57041i,1.6209-0.56865i,0.17358+1.512i,-0.14923+0.95952i,0.30807+0.72828i,0.43829+0.71899i,-0.79614+0.6855i,0.05418+0.13864i,0.026385+0.43188i,-0.54145-1.6883i
-0.09926+0.66648i,0.47016-0.077301i,-1.3577-0.51635i,-0.58706+0.89323i,0.73648-1.2706i,0.61344+0.61622i,0.86591+0.23269i,-1.0598+0.52115i,-0.20505+0.58886i,-0.73197-1.3826i,0.52561+1.1758i,-0.4691+0.763i,2.1846+0.87186i,0.10351-0.31301i,-1.1694+0.13455i,-0.52165-0.38214i,-0.858+0.49846i,0.086819+0.167i,0.39777+0.39406i,-0.16878+0.43002i,0.41411-0.3514i,-0.26783+0.16494i,0.088695+0.077237i,-0.21539-0.70837i,-0.022192-0.15006i
1.2831+0.060838i,-0.62215-0.79922i,-0.60577+1.0685i,-0.61344+0.2534i,-0.65801+1.0299i,-0.41579+0.72597i,-0.60398+0.1293i,-0.1085+0.045376i,-0.69489+0.26278i,-0.46503+0.54517i,-0.17112+0.93763i,-0.91136+0.48897i,-0.5662-0.50827i,-0.9619+0.58291i,-1.699+0.1199i,-0.10208-0.20596i,-0.25919-0.14182i,0.73267+0.13113i,1.4809-0.69002i,1.1663-0.23041i,-0.029814-0.19112i,-0.44817+0.35139i,-0.041748-0.54487i,0.70764+1.4061i,-0.20045-0.61331i
0.47147+0.31986i,0.35084+2.6125i,-0.60872+0.23945i,0.66569-0.51061i,-0.63427-0.59259i,-0.91587+0.019306i,0.60741+0.37916i,-0.31561+0.87665i,-1.2958-0.4185i,1.3322+0.18594i,1.007-0.51669i,0.24817+0.64244i,-0.23854-0.010355i,0.27876-1.0679i,-0.24011+0.5573i,-0.32023-0.41762i,0.26727+0.05587i,-0.4842+1.5997i,-0.30431-0.0082807i,0.39685+0.11919i,0.7002+0.40267i,1.2307+0.50049i,-0.91611-0.18716i,-0.29504+0.58023i,-0.53696-1.2655i
-1.1436-0.31344i,0.86146+1.1952i,1.4847-0.71442i,-1.0794-0.25601i,-1.0681-0.2379i,0.87505+0.66983i,-0.15051+0.21787i,-0.83458+0.16463i,0.41793+0.036343i,1.0116+0.29014i,0.53186+0.8399i,0.93304+1.235i,1.3619+0.90069i,-0.25767-0.94815i,1.0961+0.61641i,1.4154+0.19841i,-0.71621+0.11041i,-1.0448-0.15087i,-0.6139-0.23778i,0.58395+1.8968i,-0.60001-0.59247i,0.69282+0.31948i,-0.83765+0.15992i,0.61483+0.62604i,-0.13174+0.18525i
0.20602+1.5613i,0.12361+0.1851i,-1.4634-0.09188i,-0.30968+0.43054i,-0.14297+0.014204i,0.3182+1.0993i,0.3437-0.0059814i,0.27386-0.38246i,-0.61016-0.79319i,-0.21875+0.42154i,0.41813+0.85845i,-1.1746-0.70512i,-1.2885+1.4174i,-1.5541-0.38483i,0.99706-0.19294i,-0.014916+0.4478i,0.78199-0.21197i,-0.79299-0.026074i,-0.088488+0.027894i,0.19727-0.81196i,-0.03674-0.2078i,0.61435-0.28381i,0.38648-0.31634i,-0.42009-0.00904i,-0.096499-0.23746i
0.6877+0.60691i,-0.75809-0.45067i,1.2058+0.11735i,-0.3997-0.64014i,0.52366-1.2223i,1.4673-0.64082i,-0.088871-0.23707i,0.97624-0.17151i,-0.69073+0.51977i,0.19388+0.20164i,-0.61666+0.27277i,0.2454+0.12529i,-0.2945+0.64503i,0.89209-1.0046i,0.24161-0.58848i,0.16298-0.51783i,-0.64336-0.77447i,-1.5759+0.23406i,-1.6103+0.48796i,-0.25069+1.0517i,0.33739-1.1097i,-1.5386-0.36698i,-1.1575+0.38474i,-0.30332-1.3904i,1.0074-1.1549i
1.3671-0.61822i,0.086006-0.46195i,-1.3708+0.55059i,-0.93243-0.21493i,-0.27847+0.12916i,0.10339+0.12067i,-0.3628+0.62649i,0.86324+0.26054i,0.10837-0.2497i,0.64586-0.5715i,-0.60689+1.4006i,-0.31564+1.2924i,-0.056148-0.23859i,1.7837-0.54455i,-0.012814+0.81994i,0.20664-0.76322i,0.4504+0.89033i,1.0859+0.0295i,-0.41487+1.3074i,-0.87138+0.91539i,-0.50451-0.27863i,-1.316-1.2465i,-0.31059+1.6612i,0.11712-0.48463i,1.4548+0.60906i
0.29742+0.47464i,0.74363-0.88144i,0.20581-0.81498i,1.1049-0.50458i,-0.074633+0.62245i,0.16165+0.58615i,-0.77529+0.40405i,0.51785+1.2441i,-0.21965+0.046887i,0.83523+0.21049i,-0.34248+0.44238i,0.61896+0.41508i,-0.090606+1.9235i,-0.27702-0.099692i,0.74187+0.19438i,-0.62227-0.43773i,0.35437-0.5588i,0.095366-1.0919i,-0.33762-0.91969i,-0.73773+1.7206i,1.5553+0.87282i,-0.2-0.87619i,-0.33037-1.0601i,-0.45186+0.27499i,-0.69135-0.22006i
0.6557-0.20367i,-1.6596+0.28106i,-0.52426-0.2057i,-0.80303-0.81069i,0.15252-0.3309i,0.43965-0.014175i,0.73779-0.1028i,0.16557-0.02242i,-1.0334+0.19525i,0.61957-0.69008i,0.78752+0.34182i,-1.1324-0.40851i,1.1266-0.30125i,-0.47668+1.971i,0.78967+0.42823i,-0.20397-0.45832i,-1.1218-1.176i,-0.53392+0.25431i,-0.34425-0.87555i,-0.34169-0.16655i,-0.42987-1.0218i,0.1602-0.26746i,0.048453-0.58934i,0.80525+0.77675i,0.54247+0.12048i
0.71643-1.6125i,-0.94061-0.40958i,-1.7252-1.057i,-0.33992+0.80464i,1.0641+0.37045i,0.57803-0.27797i,0.88249-0.13716i,-1.1116+0.84947i,-0.28407-0.73096i,1.127+1.2028i,-0.29102+0.015949i,0.59632-0.89691i,0.67825+0.62586i,-1.0438-0.036802i,0.76859+0.036501i,0.72687-0.93362i,1.0202-1.4087i,0.45367+1.351i,-0.47049-0.14467i,1.174-1.4387i,1.1635+0.56811i,-0.16195-0.29351i,-1.0778-0.722i,0.06649-0.14587i,0.013798-1.1116i
0.15156-0.99134i,-0.060204+0.54462i,-0.6514-0.83459i,-0.3624-0.31393i,0.038838-0.25189i,-0.88725-0.66042i,-1.1363-1.081i,-0.78563-0.27949i,-0.3242-0.99301i,0.13206-0.060906i,0.90525+0.42729i,0.34671+0.78883i,-1.1231+1.0109i,0.013504+0.065111i,1.1132-0.44742i,-0.039607-1.3055i,0.16681+0.50098i,0.15601-0.86776i,0.42186-0.24294i,0.20922+1.4517i,-0.19677-0.365i,-0.31618+0.89716i,-0.3549+1.1761i,-0.10717-1.1212i,-0.59005+0.65498i
-0.35947-0.10153i,-0.59098-0.36691i,0.50148+0.13887i,0.77769+0.30543i,-1.1283+0.072677i,-0.63257+0.4783i,-0.27899+0.0357i,0.22677+0.032363i,-0.92516-0.83773i,-0.31887-0.1727i,-1.2604-0.83704i,0.13499-0.10083i,1.0254-0.96351i,-1.1033+0.81694i,-0.10801-0.040192i,2.1252+0.26216i,0.51841-0.67909i,-0.15529-0.049727i,0.70806-0.27148i,-0.029459+0.069323i,-0.62285-0.082813i,0.7732-0.59918i,0.52015-0.88691i,0.19243+0.18509i,-0.25+0.23545i
0.15961-0.019021i,0.19854-0.72552i,0.017271-0.74084i,-0.2312+0.45443i,1.3233-0.371i,0.68797-0.90164i,0.11794+0.12095i,-0.26793-0.50426i,0.14675-0.74838i,-0.99194+0.38541i,0.29686-0.83262i,-0.18024-0.07373i,0.19318-0.48986i,-0.026539-0.47642i,-0.15158-0.27226i,-0.61009-0.47666i,-0.0037002-0.60111i,0.54293-0.16782i,0.6169-0.34275i,-0.76152+0.47205i,0.38622-0.91744i,0.13101+0.53754i,-0.47555-0.95043i,0.086317+0.88321i,-0.32614-0.26837i
-0.22065-1.1506i,-0.9006-0.079248i,-0.66359+0.15357i,-1.2747-0.09005i,0.49543+0.76177i,0.72854+1.3777i,-0.031829+0.036722i,0.25965-1.4873i,0.22629+0.081371i,-1.1703-0.52892i,-1.0627-0.38812i,-0.96368-0.76579i,0.33462-0.78606i,-1.6626+1.3317i,-0.90301-1.1403i,-0.24437+0.52484i,-0.16546-1.0523i,-0.64355-1.0944i,0.56153+0.52809i,-1.2445+0.65951i,0.28161+1.1118i,0.24441-1.304i,-0.9266-0.31108i,-0.056287+0.1116i,0.10459-0.63878i
-0.7313+0.22742i,-0.23225+0.24664i,-0.97295+1.4347i,-0.42805-0.20907i,0.60505+0.73707i,-0.59517-0.44415i,0.71167+0.40522i,0.76099+0.65951i,-1.2811+0.85777i,-0.35642-0.523i,0.38678+0.79279i,-0.50737-0.66852i,0.1189-1.3858i,0.33232+0.44812i,0.56921+1.1224i,-0.039299-1.0806i,-0.23111+0.29339i,-0.51493-1.3754i,0.21214+0.12767i,-0.41941-0.47329i,1.9489+0.94165i,-0.81866-0.99899i,0.72219+1.0235i,0.17593+0.15587i,0.85818+0.033749i
0.34034+0.57427i,-0.83647-0.3904i,0.95729+0.4373i,0.51951-0.63138i,0.51892+1.7171i,0.74383+1.2696i,-0.18458+1.1226i,0.25474+0.70969i,0.36549+0.11282i,0.36727-0.051625i,0.7189-0.8438i,-0.28203+0.17538i,-0.3024-0.34429i,-0.44967-0.14467i,-0.95073-0.085479i,0.23491-1.2356i,-0.64741-1.4011i,-0.098867+0.68855i,0.11603-0.31142i,0.135-0.37636i,0.035146-0.27418i,-0.34631-0.88195i,1.0785-0.21786i,-0.50398+0.44874i,0.56676+0.59303i
0.03532-0.13096i,-0.3956-0.72815i,0.30151-0.36146i,-0.57404+0.45146i,-0.029479+0.44652i,0.50562+0.79909i,0.30347-0.43357i,-0.16441+0.058495i,-0.53244-0.39768i,-0.80241-0.73717i,0.95509-0.73031i,0.024803-0.13194i,-0.29529+0.4982i,0.198-0.36383i,-0.6175+0.92215i,1.2283-0.75831i,0.52002-0.42664i,0.87505-0.067005i,0.22205+0.30555i,-0.59342-1.5556i,0.035513-0.53939i,-0.38962-0.67635i,1.2701+0.37581i,-0.15935-0.61282i,0.14459-0.24596i
0.41436+1.1408i,-0.4424-0.37346i,-0.92317+1.5143i,1.0855-0.43533i,-1.2483-1.2795i,-0.79871-1.101i,-0.22512+0.2957i,0.21278-2.1603i,-0.2438-0.35889i,0.9259-0.050525i,-0.092699-0.52642i,0.57032-0.39989i,1.2981+0.75357i,1.1786+0.056556i,0.26937-0.40028i,0.45308-0.85504i,-1.3713+0.072122i,0.36973-0.91607i,-1.0207-0.14444i,-1.1594-0.15296i,0.90236-0.20194i,-0.65133-0.3619i,1.2811+0.97235i,0.30157+0.054836i,0.50688+0.40868i
-0.64644+0.25661i,-0.23098-0.45902i,-0.27095+1.1186i,-0.9348+0.19986i,-1.2928+0.94914i,0.75455+0.64088i,0.39322-0.78412i,-0.18321+0.53474i,-0.21644-0.63639i,0.6197-0.19671i,-0.75151+0.97171i,-1.7431-0.37769i,-1.9456+1.0214i,-0.24199-0.51541i,-0.62643-0.80675i,0.29533+0.19988i,0.25303-0.52986i,0.41354-0.39209i,-0.22367+0.2293i,0.60872-0.24266i,0.34998-0.70713i,-0.47662+0.19234i,0.28232+0.85556i,0.066887+0.23993i,-0.36907+0.47523i
0.31397-0.06442i,0.45161-0.14478i,0.22879-0.32894i,-0.56635+0.76799i,1.169-0.14723i,-1.3464+0.38531i,0.74233+1.1383i,0.31014-1.353i,0.060355-0.24435i,-0.35842+0.18615i,0.082165-1.1497i,-0.025906-0.79168i,0.9421-0.57852i,0.12692-0.16578i,1.2362+0.062871i,0.93737+0.56522i,-0.93138-0.15524i,-0.8013-0.16324i,0.7621-0.60957i,-0.6041+0.28621i,-0.59233+0.16899i,1.282+0.7122i,-0.053555+0.35884i,0.21366+0.75859i,0.70796-0.28275i
0.29566-0.72251i,-1.0383+1.457i,0.44574+0.91532i,-0.58508-0.51678i,-0.82115-0.10905i,-0.50318-0.10846i,0.034037+1.1513i,-0.65192+1.116i,0.12288+0.37643i,-0.42685+0.60468i,0.066531-1.3702i,0.71533+0.1211i,0.59802+0.71814i,0.20098-0.096512i,-0.4602-0.88552i,-0.32561+0.88377i,-0.21807+0.33527i,0.60495-0.68698i,-0.53508+0.34508i,0.13602-0.41903i,-0.21394+1.2415i,0.039734-0.46066i,-2.1208+0.56595i,-0.74615-0.58627i,-0.32215+0.68117i
1.0866-0.48004i,0.60148-0.46768i,0.42409+0.16876i,0.27207-1.3077i,-0.37699-0.36094i,0.46671+0.18496i,0.49172-0.49669i,-0.23138+0.47368i,0.15231-0.22481i,0.38975+0.36641i,0.50184+0.45155i,0.16893+0.069226i,-0.85239+0.69101i,0.49663+0.41893i,1.0728-0.68673i,1.3935+0.33901i,0.047618+0.27639i,0.17425+0.24891i,-0.33253+0.67816i,-0.47496-0.44772i,0.29865+0.36635i,0.80936+0.45719i,-1.1755+0.48385i,-0.35476+0.15002i,-0.94654+0.88201i
0.16161-0.72535i,-0.31279+0.064657i,-0.23608+0.25807i,0.3327-0.011982i,-0.20195-0.21927i,-1.6349-0.53567i,-0.71373-0.022807i,0.073514-0.31655i,-0.18922+0.86187i,-0.16806-0.34451i,-0.47723+0.3249i,0.33837-0.077272i,1.0065+0.24529i,-1.0064+0.68869i,0.32694+0.89603i,0.090195-0.05363i,0.5344+0.14776i,0.76234+1.3387i,0.22988+0.32039i,-0.07773+1.0253i,0.51411-1.401i,-0.71017-1.1083i,0.4867-0.80606i,-0.62995-0.86509i,0.063772-0.13646i
-0.66269-0.84628i,-0.092742-0.1263i,-0.15642+1.1948i,0.48142+1.8074i,-1.0652+0.27958i,0.64442-0.34607i,-0.4981-0.02288i,-0.061213+0.38065i,0.10612+0.36886i,0.45791-0.82192i,1.895+0.81659i,0.96621+0.36183i,1.3712+0.44884i,-0.23765-0.66565i,-0.5143+0.92682i,0.6747+0.33784i,0.16359-0.10315i,-0.13501+0.20284i,0.64053-0.023914i,0.16372-0.85067i,1.942-0.33426i,0.45963+0.50056i,-0.50819-0.6356i,0.12826-0.22114i,-0.65626-0.14883i
1.3584-0.52151i,0.64371-0.77581i,0.01503-0.47513i,-0.41544-1.4338i,-0.45639-0.16127i,-0.76693+0.28555i,-0.29762+0.11774i,1.374-0.3645i,-0.17838-0.16168i,-0.58774+0.72824i,-0.36055+1.0666i,-0.95027-0.094603i,0.64079+0.72491i,1.0419+0.15756i,-0.4337-0.1741i,-0.24383-0.75381i,0.10481-1.0195i,-0.059047-1.117i,-0.55667-1.0072i,0.46702-0.52615i,0.9845+0.62119i,0.78946-0.2701i,-0.51599+0.82382i,-0.55323+0.49506i,0.4391-0.049444i
-0.65365+1.6556i,-0.13236-0.49764i,0.30319+0.54028i,0.91644-0.02104i,0.92572+0.38107i,-0.27779-0.45151i,0.93022-0.037446i,0.9804-0.12362i,-0.90019+0.84522i,1.0156+0.66145i,0.099802+0.15321i,-0.37699-0.46753i,-0.79243+0.41438i,-1.2777+1.1044i,0.14036-0.090456i,-0.0077876+0.39993i,-0.26545-0.54692i,-0.55005+1.0497i,0.16853-0.62537i,-0.79801-0.067378i,0.5306+0.60523i,0.31604-0.35575i,-0.98506-0.87046i,0.70674+0.46084i,-0.44491+0.15213i
-1.2311+0.50021i,1.5161-0.24669i,-0.46772-0.98658i,-1.1395-1.2613i,-0.21473+0.59553i,-0.97011-0.96941i,-0.096759-0.53696i,-0.17392-0.56868i,-0.69836-0.89776i,-1.6913-0.22625i,0.73816-2.2543i,-1.1241+0.17478i,0.84026+0.2869i,0.87467+0.14084i,-0.58379+0.7533i,-1.2136+0.53142i,-0.050784-0.47185i,-0.37527-0.47549i,-1.1007-0.51275i,-0.94063+0.24848i,-0.18394+0.16575i,-0.41966-0.097759i,-0.60419-0.67131i,0.92971+0.092818i,-0.4769-0.53547i
-1.0306+0.44892i,-0.68534+0.9388i,-0.36498+0.96303i,0.43806+0.73017i,-0.42326-0.78136i,-2.7136-1.534i,0.69773-0.42389i,0.35491+0.22225i,-0.032054-0.99531i,-0.046176+0.69267i,-0.52877-0.12197i,1.3559+1.6642i,-0.47732-0.13821i,-0.42231-0.38243i,-0.013398-0.16885i,0.88894+0.56657i,1.2957-0.0020999i,0.56525+0.57487i,0.5238-0.22018i,-0.86877+0.35098i,0.2616-1.1819i,0.45847+0.75009i,-1.0448+1.1897i,0.030585-0.20996i,0.18489-0.94225i
-0.10678-0.46748i,0.14621+0.16808i,-0.97469+0.52108i,-0.89316+0.60675i,0.52694+0.2513i,0.30189+0.17811i,-0.14728-0.38821i,-1.2723-0.30491i,-0.41301+0.043549i,0.16823+0.73413i,0.39175-0.053468i,0.030672-0.34754i,0.9575-0.44908i,-0.55697+0.4171i,-0.036822+0.15059i,-0.75466-1.2568i,0.68104-0.12693i,-0.51367-0.16474i,0.05862-0.79068i,0.00022409+0.81997i,-0.55213-0.86207i,-0.33117-0.79999i,0.8001-0.13132i,0.92205-0.1135i,-0.18924-0.052126i
0.30863-0.33122i,-0.22125-0.01218i,-0.41217+0.81084i,1.5603+0.71849i,-0.7166-0.92849i,1.0374+0.37942i,1.8783-0.49898i,0.43265-0.23119i,0.74414-1.0033i,0.99761+0.096942i,-0.18911+0.32186i,-0.63986+0.31591i,0.74519-0.60545i,-0.37728-0.54427i,-0.99881-0.44818i,0.15081+0.28371i,0.88616-0.078591i,1.5734+1.006i,0.21485+0.48551i,-0.33125-0.071648i,0.62742+0.36418i,-0.065552-1.295i,0.21967+0.23304i,1.5809-0.35739i,1.0134+1.3264i
-0.38859+1.0393i,-1.388-0.49441i,0.67003+0.34802i,1.2205-0.44882i,1.3557-0.92449i,0.8998-0.35981i,0.1571-0.91873i,-0.53859-0.7535i,0.032324-0.34389i,0.98704+0.38138i,-1.254-0.024853i,-0.13467+0.079919i,0.87335-0.2398i,0.37644-0.83561i,1.4687-0.49894i,-0.12227-0.010439i,0.49841+0.85388i,-0.01245-0.78989i,0.97639-0.5814i,1.4646+0.82778i,-0.09046+2.226i,0.6188-0.14547i,0.99963+1.0477i,-1.7431+0.20369i,-1.5079-0.22517i
0.50362+0.43354i,0.3431-1.6591i,0.11978+2.195i,-0.39041-0.58213i,-0.35494+0.91619i,-0.17113-0.31157i,0.10256+0.069056i,0.27914+0.52614i,-0.3177-1.0607i,1.2862+1.0556i,-0.98941-1.5995i,0.55179-0.42675i,-0.15338+1.6137i,-0.41642+0.42521i,-0.39494+0.22376i,-0.36357+0.52627i,-0.34782-0.14605i,-0.20627-0.14801i,0.072386+0.44908i,0.60606-0.38201i,0.14124+0.46995i,0.9325-0.71053i,1.1074-0.20062i,-0.070193-0.10327i,0.10724-0.49436i
0.18338+0.62239i,0.68232-0.65115i,0.46768+0.24638i,0.04867-0.5465i,0.15102-0.61569i,1.5873-0.27431i,-0.90481-0.33545i,-0.7713-1.5641i,0.71049+0.88024i,0.15987+0.085545i,0.23787-0.94803i,-0.31103+0.90552i,-1.0728-0.075627i,-0.45773+0.60959i,-0.19944+0.97504i,-0.85424+1.3426i,0.96608+2.6177e-05i,-1.2075-1.3278i,-0.47392+0.6962i,0.03544-0.40719i,-0.51529+0.36561i,0.78632-0.722i,-0.24519+0.32098i,-0.61459+0.28401i,0.13152+0.65468i
0.46393+0.59944i,-0.26619+0.58426i,0.52032+0.74312i,-1.144-1.0604i,0.30219+0.93784i,-0.60521+0.66616i,0.58752-0.78923i,-0.22782-0.27819i,-1.5519-1.5584i,-1.8519-0.24076i,-1.3669-0.52989i,0.70038+0.24772i,1.2545+0.98481i,0.16005-0.3453i,-0.94887-0.35875i,-0.18055-0.35457i,-0.51382+0.31222i,0.29388-1.5063i,-0.078949+0.29348i,-0.077075+0.8596i,0.97365+0.40086i,1.0401-0.45459i,0.42809+0.3943i,-0.9201+0.58156i,-0.52486+0.60696i
0.61972-0.81404i,0.53228-0.049513i,0.82149+0.43723i,-0.50667-0.25129i,-0.15694-0.21163i,-0.37423-1.029i,-0.22003+1.6575i,-0.41496+0.68464i,-0.42229-0.96093i,-1.6476+0.16777i,0.14857+0.52026i,1.4335+0.0090851i,-0.55815-0.11247i,-0.60414+0.37751i,-0.52607-0.13536i,-1.4354+1.2224i,0.65918+0.45942i,-0.19255-0.060402i,0.45549-0.31835i,-1.5153-1.0012i,0.52754+0.057803i,1.1391+0.68292i,-0.28554+0.92194i,1.4507+0.5382i,0.46096+1.0666i
0.68188-0.42553i,0.58063+0.015443i,0.18348+1.324i,0.81145+0.60455i,0.069511+0.35425i,0.32394-0.38179i,-0.47511+0.38697i,-1.5404-0.33364i,0.63038-0.2571i,0.18786-0.16545i,-0.73177-0.28441i,0.28457-0.27684i,0.073962-0.65963i,-0.31142-0.75906i,-0.18492+1.5164i,0.3396+0.12624i,0.6996-0.49625i,0.74704-0.97142i,-0.731-0.70031i,0.25234-0.13024i,-0.22149-0.03041i,1.2502-0.26245i,0.10833+0.4067i,0.67901-0.037251i,0.334+0.7907i
0.045354-1.3399i,-0.28404-0.32047i,-0.94285-1.1997i,-0.5147+0.85319i,0.83654-0.23865i,-0.45586+0.51051i,-0.14572-0.18473i,-0.22749-0.33478i,0.46587+0.73977i,0.3976-0.42172i,-0.48779-0.71379i,-0.21397+0.42806i,0.011291+0.76479i,-0.15255+0.54276i,0.80114+0.028771i,-0.89574-1.8081i,-0.25161+0.65669i,0.084399-0.2812i,-0.1367+0.32365i,0.76476-0.035537i,-0.77025-0.30986i,-0.78623-0.20363i,-1.2272-0.16654i,0.049291+0.19522i,1.0557+0.11967i
0.96226-0.5114i,0.70379+0.42702i,0.68362+1.1285i,-0.02887+1.2847i,0.28378-1.1056i,-0.70059+1.0795i,-0.011904+0.37747i,-0.78542-0.033717i,-0.36841-0.15505i,-0.3405+0.3325i,-0.54528-0.10462i,-0.021701+0.28457i,0.20278+0.1041i,-0.94027-1.5232i,-0.11752-0.61067i,0.16301-0.17612i,-0.89734-0.029877i,1.0467+0.8092i,2.1051-0.48517i,-0.31521-0.12412i,0.14656+0.2163i,-0.81726-0.60346i,-0.33707-0.0016281i,1.349-1.776i,0.97861+0.49616i
0.45431+0.14774i,0.14004+1.0786i,-0.29184+0.49395i,-0.71842-0.99512i,-1.406-0.43649i,0.74209+0.47167i,-0.053061-0.28376i,0.44171-0.34708i,0.91126-0.35559i,-0.49398+0.70841i,-0.5336-0.047331i,0.30108+0.614i,-0.52731-0.35314i,-0.085917-0.50079i,-1.0467-1.2393i,0.53656-0.17786i,0.5022+0.58803i,0.86669+0.045261i,0.64016-0.49066i,0.72101+0.31592i,-0.89579-0.69566i,0.78196+1.1789i,-1.11-0.080687i,-1.1628-0.17419i,-0.81497-0.39944i
0.3262-0.55929i,0.20539-2.1952i,0.4076-0.20805i,-0.38705+2.0045i,-0.63755-0.74733i,0.83364-0.097985i,1.5387+0.58425i,0.1201+1.0533i,0.39749-0.38625i,0.47602+0.5191i,0.93223-0.7446i,-0.67607-0.099586i,0.79037+0.39203i,0.78964+0.68122i,-1.0602-0.21642i,-0.7834-0.57882i,0.12762+0.52741i,1.1429+0.33621i,-0.53174-0.83365i,0.38277+0.014989i,0.50944-0.075872i,-0.15496-0.097032i,1.4792-0.81159i,0.49444-0.063865i,0.23075-1.4796i
1.4255-0.25595i,0.37642+1.3253i,0.4913-0.76724i,-0.59926+1.0066i,-0.49146+0.63553i,-1.3269-0.93378i,0.079761+0.49134i,-0.108+0.35094i,0.32379+0.62358i,-0.19367+0.39388i,-1.0934-0.51821i,0.57755+0.66497i,0.89141+1.2253i,0.38559+0.25556i,-0.91397+0.98676i,-0.44786-1.692i,0.86216-1.0991i,-1.2103+0.18394i,0.50238-0.52586i,0.72533+1.6759i,-0.58393-0.77961i,-0.31023-0.68871i,-0.48707+0.08679i,-1.5792-0.20916i,-0.60579-1.0679i
1.1024-0.20886i,1.1023-1.0809i,-0.84724+0.68535i,-0.01619-0.37525i,1.2671-0.43262i,0.39819-0.18677i,0.26098+0.68384i,-1.6226-0.22208i,0.23021-0.45569i,0.46994-0.50426i,-0.29038+0.26244i,0.47428+0.52016i,1.38+1.9611i,-1.2359+0.6439i,-0.34872-0.13724i,-0.25021-0.039609i,-1.11-0.81812i,-0.22423-0.44929i,0.048065+0.17589i,0.39435+0.31783i,-0.079607-0.086565i,1.2513-0.41414i,0.99161+0.028026i,0.71622-0.048711i,-0.10594+0.43641i
-0.278-0.011746i,-0.42632-0.011922i,0.38834-0.84788i,-0.18552+0.30926i,-0.51957+0.71641i,-0.36548-0.72935i,0.25424-0.29174i,0.088031-0.82412i,-0.46101+0.3813i,-0.10093-0.96344i,-0.35385+0.71614i,-0.51595+0.50273i,0.91461+0.14356i,0.16735+0.12194i,0.61921+0.6433i,0.026979+0.080282i,0.00029017-0.32133i,-0.76706-0.91562i,-0.13998+1.8515i,1.0705-0.19576i,0.68339-1.4208i,-1.0677-0.78947i,-0.20377+0.10338i,-0.27097+0.49526i,0.33968-0.37054i
-0.12682-0.76751i,-0.057844+1.0396i,0.3701+0.045067i,0.75065+1.1723i,0.12767-0.37908i,-0.63092-0.96904i,1.2546-0.90066i,-1.0017-1.4636i,-0.65899-0.66716i,-0.44728+0.39779i,0.93826+0.21513i,-0.68651+0.87266i,0.11874+0.66607i,-0.39468-0.30158i,-0.1815+0.356i,-0.58732+0.02613i,-0.48832-0.80405i,-1.7968-0.99393i,-0.16499+0.29243i,-0.87346-0.3922i,0.47113-0.12517i,0.088491+0.68238i,0.11512+0.25374i,-0.065722+0.51714i,0.6233+0.7095i
0.70055+0.45795i,-1.3246+0.07202i,0.26251+1.4113i,0.38996-0.22283i,0.57306-0.49789i,-1.3981+0.29537i,-0.44794-1.3339i,-0.24015-0.074159i,0.42139+0.047419i,0.41734-0.66547i,-0.2755+0.3058i,-0.30186-0.5702i,-0.15635-0.27586i,-0.069861-0.091015i,0.019914+1.0673i,0.45351-0.57846i,-0.0045679-0.86365i,-1.2416-0.3611i,-0.14554+0.4333i,0.99617+0.40376i,0.69386+0.56984i,-0.24642+0.59928i,-0.68925-1.5367i,-0.27601-0.91127i,-0.38878+0.9289i
0.72776-0.17524i,-0.61759+0.70378i,-0.10205-0.1261i,-0.05812+0.9971i,-0.80508+1.2114i,-0.015546+0.13666i,-0.14179-0.11728i,-0.97181+0.23009i,0.68126+0.30657i,-0.55744-1.3478i,-0.11079-0.13196i,0.67649+0.56089i,0.071959-0.3874i,0.3234-0.92695i,-0.69914+0.74847i,0.45005-0.070334i,0.35306-0.4756i,0.60215+0.52208i,-0.78841-0.036592i,1.2497-0.12513i,1.4546-0.34902i,1.558-0.26284i,-0.11918-0.1014i,0.68626+1.0551i,0.36448-0.81857i
0.092262+0.15659i,-0.43841+0.066687i,0.10624-0.23264i,-0.32931+0.27118i,0.72835+0.85763i,0.26282+1.2953i,0.45089+0.46878i,1.0026+0.80341i,-0.075529-1.5068i,-1.0678+0.19813i,0.065627+0.10937i,-0.12927-0.062i,0.026091-1.0554i,-0.38026+0.78726i,-0.7861-1.3655i,0.722+0.12527i,0.43597-0.38659i,-0.025258+0.52314i,-0.56484+0.59769i,-0.42493-0.089916i,-0.70058-0.29636i,-0.70468-0.77022i,-0.23264+1.1865i,2.0864-0.11712i,0.78029-1.1858i
-0.4852-0.56584i,-0.08735-0.44718i,-1.6462+1.239i,0.20082+0.53928i,0.43766-0.80871i,-0.0015885+0.56567i,-0.70319+0.18151i,1.1683-0.53972i,0.35002-0.25701i,0.29105+1.0247i,0.25584-1.2776i,0.60679-0.43656i,-0.50505-0.38072i,0.84046-1.2151i,0.65602+0.66279i,0.54408+0.023599i,0.94253-0.078078i,0.8934-0.7635i,-0.12556-0.87141i,-1.1339+0.097509i,2.0967+0.87848i,0.4786-0.18963i,-0.65495-1.3909i,0.20133-0.92361i,0.023667+0.27752i
